,name,age,designation,email,experience,project,YEAROFJOINING,PROG.LANGUAGES,PROG.LANGUAGE
0,lokeshkumar,25,annotator,lokesh@gmail.com,2,,,,python
1,sudhakaran,25,,sudhakar@gmail.com,2,,,,python
2,pragadeesh,25,test engineer,pragadeesh@gmail.com,2,,,,python
3,nandhakumar,27,validator,nandha@gmail.com,5,,,,python
4,prabakaran,27,validator,praba@gmail.com,4,,,,python
5,bala,25,annotator,bala@gmail.com,2,HONDA,,,python
6,vasanth,25,annotator,vasanth@gmail.com,2,HONDA,,,python
7,santhosh,25,annotator,santhosh@gmail.com,2,HONDA,,,python
8,adithya,25,validator,aditya@gmail.com,3,,,,python
9,vicky,31,teamlead,vicky@gmail.com,8,,,,python
